-- phpMyAdmin SQL Dump
-- version 5.2.0
-- https://www.phpmyadmin.net/
--
-- Host: localhost
-- Generation Time: Sep 20, 2022 at 02:58 AM
-- Server version: 10.4.21-MariaDB
-- PHP Version: 7.4.29

SET SQL_MODE = "NO_AUTO_VALUE_ON_ZERO";
START TRANSACTION;
SET time_zone = "+00:00";


/*!40101 SET @OLD_CHARACTER_SET_CLIENT=@@CHARACTER_SET_CLIENT */;
/*!40101 SET @OLD_CHARACTER_SET_RESULTS=@@CHARACTER_SET_RESULTS */;
/*!40101 SET @OLD_COLLATION_CONNECTION=@@COLLATION_CONNECTION */;
/*!40101 SET NAMES utf8mb4 */;

--
-- Database: `lv_pos`
--

-- --------------------------------------------------------

--
-- Table structure for table `categories`
--

CREATE TABLE `categories` (
  `id` int(10) UNSIGNED NOT NULL,
  `title` text COLLATE utf8mb4_unicode_ci DEFAULT NULL,
  `unit` text COLLATE utf8mb4_unicode_ci DEFAULT NULL,
  `main_categorie_id` int(11) DEFAULT NULL,
  `created_at` timestamp NULL DEFAULT NULL,
  `updated_at` timestamp NULL DEFAULT NULL
) ENGINE=InnoDB DEFAULT CHARSET=utf8mb4 COLLATE=utf8mb4_unicode_ci;

--
-- Dumping data for table `categories`
--

INSERT INTO `categories` (`id`, `title`, `unit`, `main_categorie_id`, `created_at`, `updated_at`) VALUES
(1, 'Chicken', 'G', 1, '2022-09-19 11:26:10', '2022-09-19 11:26:10');

-- --------------------------------------------------------

--
-- Table structure for table `departments`
--

CREATE TABLE `departments` (
  `id` int(10) UNSIGNED NOT NULL,
  `title` varchar(255) COLLATE utf8mb4_unicode_ci NOT NULL,
  `created_at` timestamp NULL DEFAULT NULL,
  `updated_at` timestamp NULL DEFAULT NULL
) ENGINE=InnoDB DEFAULT CHARSET=utf8mb4 COLLATE=utf8mb4_unicode_ci;

--
-- Dumping data for table `departments`
--

INSERT INTO `departments` (`id`, `title`, `created_at`, `updated_at`) VALUES
(1, 'Manager', '2022-09-19 02:21:21', '2022-09-19 02:21:21'),
(2, 'HR', '2022-09-19 02:22:46', '2022-09-19 02:22:46'),
(3, 'Kitchen', '2022-09-19 02:24:11', '2022-09-19 03:04:26');

-- --------------------------------------------------------

--
-- Table structure for table `failed_jobs`
--

CREATE TABLE `failed_jobs` (
  `id` bigint(20) UNSIGNED NOT NULL,
  `uuid` varchar(255) COLLATE utf8mb4_unicode_ci NOT NULL,
  `connection` text COLLATE utf8mb4_unicode_ci NOT NULL,
  `queue` text COLLATE utf8mb4_unicode_ci NOT NULL,
  `payload` longtext COLLATE utf8mb4_unicode_ci NOT NULL,
  `exception` longtext COLLATE utf8mb4_unicode_ci NOT NULL,
  `failed_at` timestamp NOT NULL DEFAULT current_timestamp()
) ENGINE=InnoDB DEFAULT CHARSET=utf8mb4 COLLATE=utf8mb4_unicode_ci;

-- --------------------------------------------------------

--
-- Table structure for table `main_categories`
--

CREATE TABLE `main_categories` (
  `id` int(10) UNSIGNED NOT NULL,
  `title` text COLLATE utf8mb4_unicode_ci DEFAULT NULL,
  `type` text COLLATE utf8mb4_unicode_ci DEFAULT NULL,
  `created_at` timestamp NULL DEFAULT NULL,
  `updated_at` timestamp NULL DEFAULT NULL
) ENGINE=InnoDB DEFAULT CHARSET=utf8mb4 COLLATE=utf8mb4_unicode_ci;

--
-- Dumping data for table `main_categories`
--

INSERT INTO `main_categories` (`id`, `title`, `type`, `created_at`, `updated_at`) VALUES
(1, 'MEAT', 'food', '2022-09-19 10:52:27', '2022-09-19 11:02:09'),
(3, 'POULTRY', 'food', '2022-09-19 10:52:39', '2022-09-19 10:52:39'),
(4, 'PRODUCE', 'food', '2022-09-19 10:52:44', '2022-09-19 10:52:44'),
(5, 'DAIRY', 'food', '2022-09-19 10:52:49', '2022-09-19 10:52:49'),
(6, 'BAKERY', 'food', '2022-09-19 10:52:54', '2022-09-19 10:52:54'),
(7, 'GROCERY / DRY GOODS', 'food', '2022-09-19 10:53:06', '2022-09-19 10:53:06'),
(8, 'SOFT BEVERAGE', 'food', '2022-09-19 10:53:11', '2022-09-19 10:53:11'),
(9, 'LIQUOR', 'bar', '2022-09-19 10:53:18', '2022-09-19 10:53:18'),
(10, 'BOTTEL BEER', 'bar', '2022-09-19 10:53:25', '2022-09-19 10:53:25'),
(12, 'Wine', 'bar', '2022-09-19 11:12:32', '2022-09-19 11:12:42');

-- --------------------------------------------------------

--
-- Table structure for table `members_lists`
--

CREATE TABLE `members_lists` (
  `id` int(10) UNSIGNED NOT NULL,
  `members_list_file` text COLLATE utf8mb4_unicode_ci DEFAULT NULL,
  `original_name` text COLLATE utf8mb4_unicode_ci DEFAULT NULL,
  `user_id` int(11) DEFAULT NULL,
  `insert_user_id` int(11) DEFAULT NULL,
  `created_at` timestamp NULL DEFAULT NULL,
  `updated_at` timestamp NULL DEFAULT NULL
) ENGINE=InnoDB DEFAULT CHARSET=utf8mb4 COLLATE=utf8mb4_unicode_ci;

--
-- Dumping data for table `members_lists`
--

INSERT INTO `members_lists` (`id`, `members_list_file`, `original_name`, `user_id`, `insert_user_id`, `created_at`, `updated_at`) VALUES
(1, 'public/members_list_file/Q9eRqa7Zpt3m3eSj0TRLT59fO3CgaHxmHY8FBxYS.png', '8.png', 4, 1, '2022-09-19 04:22:12', '2022-09-19 04:22:12');

-- --------------------------------------------------------

--
-- Table structure for table `migrations`
--

CREATE TABLE `migrations` (
  `id` int(10) UNSIGNED NOT NULL,
  `migration` varchar(255) COLLATE utf8mb4_unicode_ci NOT NULL,
  `batch` int(11) NOT NULL
) ENGINE=InnoDB DEFAULT CHARSET=utf8mb4 COLLATE=utf8mb4_unicode_ci;

--
-- Dumping data for table `migrations`
--

INSERT INTO `migrations` (`id`, `migration`, `batch`) VALUES
(1, '2014_10_12_000000_create_users_table', 1),
(2, '2014_10_12_100000_create_password_resets_table', 1),
(3, '2019_08_19_000000_create_failed_jobs_table', 1),
(4, '2019_12_14_000001_create_personal_access_tokens_table', 1),
(5, '2022_09_19_083606_create_departments_table', 2),
(6, '2022_09_19_101527_create_permission_tables', 3),
(7, '2022_09_19_103957_create_members_lists_table', 4),
(8, '2022_09_19_104328_add_fields_to_users_table', 5),
(9, '2022_09_19_171705_create_main_categories_table', 6),
(10, '2022_09_19_174442_create_categories_table', 7);

-- --------------------------------------------------------

--
-- Table structure for table `model_has_permissions`
--

CREATE TABLE `model_has_permissions` (
  `permission_id` bigint(20) UNSIGNED NOT NULL,
  `model_type` varchar(255) COLLATE utf8mb4_unicode_ci NOT NULL,
  `model_id` bigint(20) UNSIGNED NOT NULL
) ENGINE=InnoDB DEFAULT CHARSET=utf8mb4 COLLATE=utf8mb4_unicode_ci;

-- --------------------------------------------------------

--
-- Table structure for table `model_has_roles`
--

CREATE TABLE `model_has_roles` (
  `role_id` bigint(20) UNSIGNED NOT NULL,
  `model_type` varchar(255) COLLATE utf8mb4_unicode_ci NOT NULL,
  `model_id` bigint(20) UNSIGNED NOT NULL
) ENGINE=InnoDB DEFAULT CHARSET=utf8mb4 COLLATE=utf8mb4_unicode_ci;

--
-- Dumping data for table `model_has_roles`
--

INSERT INTO `model_has_roles` (`role_id`, `model_type`, `model_id`) VALUES
(1, 'App\\Models\\User', 1),
(1, 'App\\Models\\User', 4),
(2, 'App\\Models\\User', 1);

-- --------------------------------------------------------

--
-- Table structure for table `password_resets`
--

CREATE TABLE `password_resets` (
  `email` varchar(255) COLLATE utf8mb4_unicode_ci NOT NULL,
  `token` varchar(255) COLLATE utf8mb4_unicode_ci NOT NULL,
  `created_at` timestamp NULL DEFAULT NULL
) ENGINE=InnoDB DEFAULT CHARSET=utf8mb4 COLLATE=utf8mb4_unicode_ci;

-- --------------------------------------------------------

--
-- Table structure for table `permissions`
--

CREATE TABLE `permissions` (
  `id` bigint(20) UNSIGNED NOT NULL,
  `name` varchar(255) COLLATE utf8mb4_unicode_ci NOT NULL,
  `guard_name` varchar(255) COLLATE utf8mb4_unicode_ci NOT NULL,
  `created_at` timestamp NULL DEFAULT NULL,
  `updated_at` timestamp NULL DEFAULT NULL
) ENGINE=InnoDB DEFAULT CHARSET=utf8mb4 COLLATE=utf8mb4_unicode_ci;

--
-- Dumping data for table `permissions`
--

INSERT INTO `permissions` (`id`, `name`, `guard_name`, `created_at`, `updated_at`) VALUES
(1, 'hr_module', 'web', '2022-09-19 03:52:32', '2022-09-19 03:59:52'),
(2, 'kitchen_module', 'web', '2022-09-19 04:00:15', '2022-09-19 04:00:15'),
(3, 'counter_module', 'web', '2022-09-19 04:00:24', '2022-09-19 04:00:24');

-- --------------------------------------------------------

--
-- Table structure for table `personal_access_tokens`
--

CREATE TABLE `personal_access_tokens` (
  `id` bigint(20) UNSIGNED NOT NULL,
  `tokenable_type` varchar(255) COLLATE utf8mb4_unicode_ci NOT NULL,
  `tokenable_id` bigint(20) UNSIGNED NOT NULL,
  `name` varchar(255) COLLATE utf8mb4_unicode_ci NOT NULL,
  `token` varchar(64) COLLATE utf8mb4_unicode_ci NOT NULL,
  `abilities` text COLLATE utf8mb4_unicode_ci DEFAULT NULL,
  `last_used_at` timestamp NULL DEFAULT NULL,
  `created_at` timestamp NULL DEFAULT NULL,
  `updated_at` timestamp NULL DEFAULT NULL
) ENGINE=InnoDB DEFAULT CHARSET=utf8mb4 COLLATE=utf8mb4_unicode_ci;

-- --------------------------------------------------------

--
-- Table structure for table `roles`
--

CREATE TABLE `roles` (
  `id` bigint(20) UNSIGNED NOT NULL,
  `name` varchar(255) COLLATE utf8mb4_unicode_ci NOT NULL,
  `guard_name` varchar(255) COLLATE utf8mb4_unicode_ci NOT NULL,
  `created_at` timestamp NULL DEFAULT NULL,
  `updated_at` timestamp NULL DEFAULT NULL
) ENGINE=InnoDB DEFAULT CHARSET=utf8mb4 COLLATE=utf8mb4_unicode_ci;

--
-- Dumping data for table `roles`
--

INSERT INTO `roles` (`id`, `name`, `guard_name`, `created_at`, `updated_at`) VALUES
(1, 'Admin', 'web', '2022-09-19 04:00:45', '2022-09-19 04:00:45'),
(2, 'Kitchen', 'web', '2022-09-19 10:12:25', '2022-09-19 10:12:25');

-- --------------------------------------------------------

--
-- Table structure for table `role_has_permissions`
--

CREATE TABLE `role_has_permissions` (
  `permission_id` bigint(20) UNSIGNED NOT NULL,
  `role_id` bigint(20) UNSIGNED NOT NULL
) ENGINE=InnoDB DEFAULT CHARSET=utf8mb4 COLLATE=utf8mb4_unicode_ci;

--
-- Dumping data for table `role_has_permissions`
--

INSERT INTO `role_has_permissions` (`permission_id`, `role_id`) VALUES
(1, 1),
(2, 1),
(2, 2),
(3, 1);

-- --------------------------------------------------------

--
-- Table structure for table `users`
--

CREATE TABLE `users` (
  `id` bigint(20) UNSIGNED NOT NULL,
  `name` varchar(255) COLLATE utf8mb4_unicode_ci NOT NULL,
  `email` varchar(255) COLLATE utf8mb4_unicode_ci NOT NULL,
  `email_verified_at` timestamp NULL DEFAULT NULL,
  `password` varchar(255) COLLATE utf8mb4_unicode_ci NOT NULL,
  `remember_token` varchar(100) COLLATE utf8mb4_unicode_ci DEFAULT NULL,
  `employee_id` varchar(255) COLLATE utf8mb4_unicode_ci DEFAULT NULL,
  `phone` varchar(255) COLLATE utf8mb4_unicode_ci DEFAULT NULL,
  `nrc_number` varchar(255) COLLATE utf8mb4_unicode_ci DEFAULT NULL,
  `gender` text COLLATE utf8mb4_unicode_ci DEFAULT NULL,
  `address` text COLLATE utf8mb4_unicode_ci DEFAULT NULL,
  `department_id` text COLLATE utf8mb4_unicode_ci DEFAULT NULL,
  `is_banned` int(11) NOT NULL DEFAULT 1,
  `created_at` timestamp NULL DEFAULT NULL,
  `updated_at` timestamp NULL DEFAULT NULL,
  `last_login_at` text COLLATE utf8mb4_unicode_ci DEFAULT NULL,
  `last_login_ip` text COLLATE utf8mb4_unicode_ci DEFAULT NULL,
  `agent` text COLLATE utf8mb4_unicode_ci DEFAULT NULL,
  `nrc_front` text COLLATE utf8mb4_unicode_ci DEFAULT NULL,
  `nrc_back` text COLLATE utf8mb4_unicode_ci DEFAULT NULL,
  `members_list_file` text COLLATE utf8mb4_unicode_ci DEFAULT NULL,
  `other_file` text COLLATE utf8mb4_unicode_ci DEFAULT NULL,
  `leave_date` text COLLATE utf8mb4_unicode_ci DEFAULT NULL,
  `leave_remark` text COLLATE utf8mb4_unicode_ci DEFAULT NULL,
  `leave_by` text COLLATE utf8mb4_unicode_ci DEFAULT NULL,
  `contact_person` text COLLATE utf8mb4_unicode_ci DEFAULT NULL,
  `emergency_contact` text COLLATE utf8mb4_unicode_ci DEFAULT NULL,
  `passport_photo` text COLLATE utf8mb4_unicode_ci DEFAULT NULL,
  `join_date` text COLLATE utf8mb4_unicode_ci DEFAULT NULL,
  `employment_type` text COLLATE utf8mb4_unicode_ci DEFAULT NULL
) ENGINE=InnoDB DEFAULT CHARSET=utf8mb4 COLLATE=utf8mb4_unicode_ci;

--
-- Dumping data for table `users`
--

INSERT INTO `users` (`id`, `name`, `email`, `email_verified_at`, `password`, `remember_token`, `employee_id`, `phone`, `nrc_number`, `gender`, `address`, `department_id`, `is_banned`, `created_at`, `updated_at`, `last_login_at`, `last_login_ip`, `agent`, `nrc_front`, `nrc_back`, `members_list_file`, `other_file`, `leave_date`, `leave_remark`, `leave_by`, `contact_person`, `emergency_contact`, `passport_photo`, `join_date`, `employment_type`) VALUES
(1, 'Admin', 'admin@gmail.com', NULL, '$2y$10$6wLmx5kwZfgDyAPAS3yt6OhReBlrlEeqXJSmgd6IofipLGwSDGnfu', NULL, '000001', '09123123123', '1/abc(n)009112', 'male', 'Yangon', '1', 1, '2022-09-19 00:38:43', '2022-09-19 10:07:48', NULL, NULL, NULL, NULL, NULL, '', NULL, NULL, NULL, NULL, NULL, NULL, NULL, NULL, 'Probation'),
(2, 'Mg Mg', 'mgmg@gmail.com', NULL, '$2y$10$RN2tKz.zeLSygmqUdzN.7uBEulRsc4JEPCDJ5Yztc2SXHASI0ft.K', NULL, '000002', '09123123122', '1/abc(n)009221', 'male', 'Yangon', '2', 1, '2022-09-19 04:15:56', '2022-09-19 04:15:56', NULL, NULL, NULL, '', '', '', NULL, NULL, NULL, NULL, NULL, NULL, '', NULL, 'Probation'),
(3, 'asdf', 'asdf@gmail.com', NULL, '$2y$10$GQkXculsBdYmnNlQ3HyxUOCt85WnpEKanEy8Z/DtbR/Vr0AOhiYWy', NULL, 'asdf', '0912312313', 'asdf', 'male', 'asdf', '2', 1, '2022-09-19 04:20:24', '2022-09-19 04:20:24', NULL, NULL, NULL, '', '', '', NULL, NULL, NULL, NULL, NULL, NULL, '', NULL, 'Probation'),
(4, 'asf', 'adsf@gmail.com', NULL, '$2y$10$egircmGYILEHTPazzRTwpe1kf2pSJn2V.QzFtpuALMw7TvNOiSzWe', NULL, 'EMP-000212', 'asdfasdfas', 'asdfasdf', 'male', 'Yangon', '2', 1, '2022-09-19 04:22:12', '2022-09-19 10:15:25', NULL, NULL, NULL, 'public/photo/4IOEyGZhdYWVqad8OM0WgiN2aPnT5hs69h8wMOOs.png', 'public/photo/bAj8Mpw5Pa9hZfwZwn1WuCAKZU9FlT95UDySMaKG.png', '', NULL, NULL, NULL, NULL, 'sadf', 'asdf', 'public/passport/nRW0cutoedslYBDEhkq7wUkBqPta0ykH4IjokMld.png', 'asdf', 'Probation');

--
-- Indexes for dumped tables
--

--
-- Indexes for table `categories`
--
ALTER TABLE `categories`
  ADD PRIMARY KEY (`id`);

--
-- Indexes for table `departments`
--
ALTER TABLE `departments`
  ADD PRIMARY KEY (`id`);

--
-- Indexes for table `failed_jobs`
--
ALTER TABLE `failed_jobs`
  ADD PRIMARY KEY (`id`),
  ADD UNIQUE KEY `failed_jobs_uuid_unique` (`uuid`);

--
-- Indexes for table `main_categories`
--
ALTER TABLE `main_categories`
  ADD PRIMARY KEY (`id`);

--
-- Indexes for table `members_lists`
--
ALTER TABLE `members_lists`
  ADD PRIMARY KEY (`id`);

--
-- Indexes for table `migrations`
--
ALTER TABLE `migrations`
  ADD PRIMARY KEY (`id`);

--
-- Indexes for table `model_has_permissions`
--
ALTER TABLE `model_has_permissions`
  ADD PRIMARY KEY (`permission_id`,`model_id`,`model_type`),
  ADD KEY `model_has_permissions_model_id_model_type_index` (`model_id`,`model_type`);

--
-- Indexes for table `model_has_roles`
--
ALTER TABLE `model_has_roles`
  ADD PRIMARY KEY (`role_id`,`model_id`,`model_type`),
  ADD KEY `model_has_roles_model_id_model_type_index` (`model_id`,`model_type`);

--
-- Indexes for table `password_resets`
--
ALTER TABLE `password_resets`
  ADD KEY `password_resets_email_index` (`email`);

--
-- Indexes for table `permissions`
--
ALTER TABLE `permissions`
  ADD PRIMARY KEY (`id`),
  ADD UNIQUE KEY `permissions_name_guard_name_unique` (`name`,`guard_name`);

--
-- Indexes for table `personal_access_tokens`
--
ALTER TABLE `personal_access_tokens`
  ADD PRIMARY KEY (`id`),
  ADD UNIQUE KEY `personal_access_tokens_token_unique` (`token`),
  ADD KEY `personal_access_tokens_tokenable_type_tokenable_id_index` (`tokenable_type`,`tokenable_id`);

--
-- Indexes for table `roles`
--
ALTER TABLE `roles`
  ADD PRIMARY KEY (`id`),
  ADD UNIQUE KEY `roles_name_guard_name_unique` (`name`,`guard_name`);

--
-- Indexes for table `role_has_permissions`
--
ALTER TABLE `role_has_permissions`
  ADD PRIMARY KEY (`permission_id`,`role_id`),
  ADD KEY `role_has_permissions_role_id_foreign` (`role_id`);

--
-- Indexes for table `users`
--
ALTER TABLE `users`
  ADD PRIMARY KEY (`id`),
  ADD UNIQUE KEY `users_email_unique` (`email`),
  ADD UNIQUE KEY `users_phone_unique` (`phone`);

--
-- AUTO_INCREMENT for dumped tables
--

--
-- AUTO_INCREMENT for table `categories`
--
ALTER TABLE `categories`
  MODIFY `id` int(10) UNSIGNED NOT NULL AUTO_INCREMENT, AUTO_INCREMENT=3;

--
-- AUTO_INCREMENT for table `departments`
--
ALTER TABLE `departments`
  MODIFY `id` int(10) UNSIGNED NOT NULL AUTO_INCREMENT, AUTO_INCREMENT=4;

--
-- AUTO_INCREMENT for table `failed_jobs`
--
ALTER TABLE `failed_jobs`
  MODIFY `id` bigint(20) UNSIGNED NOT NULL AUTO_INCREMENT;

--
-- AUTO_INCREMENT for table `main_categories`
--
ALTER TABLE `main_categories`
  MODIFY `id` int(10) UNSIGNED NOT NULL AUTO_INCREMENT, AUTO_INCREMENT=13;

--
-- AUTO_INCREMENT for table `members_lists`
--
ALTER TABLE `members_lists`
  MODIFY `id` int(10) UNSIGNED NOT NULL AUTO_INCREMENT, AUTO_INCREMENT=2;

--
-- AUTO_INCREMENT for table `migrations`
--
ALTER TABLE `migrations`
  MODIFY `id` int(10) UNSIGNED NOT NULL AUTO_INCREMENT, AUTO_INCREMENT=11;

--
-- AUTO_INCREMENT for table `permissions`
--
ALTER TABLE `permissions`
  MODIFY `id` bigint(20) UNSIGNED NOT NULL AUTO_INCREMENT, AUTO_INCREMENT=4;

--
-- AUTO_INCREMENT for table `personal_access_tokens`
--
ALTER TABLE `personal_access_tokens`
  MODIFY `id` bigint(20) UNSIGNED NOT NULL AUTO_INCREMENT;

--
-- AUTO_INCREMENT for table `roles`
--
ALTER TABLE `roles`
  MODIFY `id` bigint(20) UNSIGNED NOT NULL AUTO_INCREMENT, AUTO_INCREMENT=3;

--
-- AUTO_INCREMENT for table `users`
--
ALTER TABLE `users`
  MODIFY `id` bigint(20) UNSIGNED NOT NULL AUTO_INCREMENT, AUTO_INCREMENT=5;

--
-- Constraints for dumped tables
--

--
-- Constraints for table `model_has_permissions`
--
ALTER TABLE `model_has_permissions`
  ADD CONSTRAINT `model_has_permissions_permission_id_foreign` FOREIGN KEY (`permission_id`) REFERENCES `permissions` (`id`) ON DELETE CASCADE;

--
-- Constraints for table `model_has_roles`
--
ALTER TABLE `model_has_roles`
  ADD CONSTRAINT `model_has_roles_role_id_foreign` FOREIGN KEY (`role_id`) REFERENCES `roles` (`id`) ON DELETE CASCADE;

--
-- Constraints for table `role_has_permissions`
--
ALTER TABLE `role_has_permissions`
  ADD CONSTRAINT `role_has_permissions_permission_id_foreign` FOREIGN KEY (`permission_id`) REFERENCES `permissions` (`id`) ON DELETE CASCADE,
  ADD CONSTRAINT `role_has_permissions_role_id_foreign` FOREIGN KEY (`role_id`) REFERENCES `roles` (`id`) ON DELETE CASCADE;
COMMIT;

/*!40101 SET CHARACTER_SET_CLIENT=@OLD_CHARACTER_SET_CLIENT */;
/*!40101 SET CHARACTER_SET_RESULTS=@OLD_CHARACTER_SET_RESULTS */;
/*!40101 SET COLLATION_CONNECTION=@OLD_COLLATION_CONNECTION */;
